out	raw	scene	title	origin	licence	loop_start_s	notes
music/act1_mondstadt/combat/music_combat_A.ogg	media/raw/music/act1_mondstadt/combat/music_combat_A.ogg	act1_mondstadt/combat	MusicSegment/music_combat_A	Genshin Impact install, Music20.pck, AnimeWwise hk4e.map name	PLACEHOLDER-COPYRIGHTED		STANDS (was act1_mondstadt, 2026-09-17): the launch lettered combat suite is Mondstadt's.
music/act1_mondstadt/elite/music_combat_H.ogg	media/raw/music/act1_mondstadt/elite/music_combat_H.ogg	act1_mondstadt/elite	MusicSegment/music_combat_H	Genshin Impact install, Music30.pck, AnimeWwise hk4e.map name	PLACEHOLDER-COPYRIGHTED		E default: no elite_ track exists for Mondstadt, so the face's second combat variant stands (322.8s).
music/act1_mondstadt/boss/music_combat_LupiBoreasS02.ogg	media/raw/music/act1_mondstadt/boss/music_combat_LupiBoreasS02.ogg	act1_mondstadt/boss	MusicSegment/music_combat_LupiBoreasS02	Genshin Impact install, Music21.pck, AnimeWwise hk4e.map name	PLACEHOLDER-COPYRIGHTED		E default: Andrius / Lupus Boreas, the boss the nation mapping puts on Vantom (act1 mapping line 44).
music/act1_mondstadt/map/music_explore_mengde_day_08.ogg	media/raw/music/act1_mondstadt/map/music_explore_mengde_day_08.ogg	act1_mondstadt/map	MusicSegment/music_explore_mengde_day_08	Genshin Impact install, Music26.pck, AnimeWwise hk4e.map name	PLACEHOLDER-COPYRIGHTED		E default: Mondstadt's longest daytime exploration loop (127.2s).
music/act1_liyue/combat/music_combat_LiYue_A_Loop.ogg	media/raw/music/act1_liyue/combat/music_combat_LiYue_A_Loop.ogg	act1_liyue/combat	MusicSegment/music_combat_LiYue_A_Loop	Genshin Impact install, Music25.pck, AnimeWwise hk4e.map name	PLACEHOLDER-COPYRIGHTED		STANDS (was act1_liyue, 2026-09-17): the Battles of Liyue A loop.
music/act1_liyue/elite/music_combat_LiYue_B_Loop.ogg	media/raw/music/act1_liyue/elite/music_combat_LiYue_B_Loop.ogg	act1_liyue/elite	MusicSegment/music_combat_LiYue_B_Loop	Genshin Impact install, Music31.pck, AnimeWwise hk4e.map name	PLACEHOLDER-COPYRIGHTED		E default: the face's second combat variant; no elite_ track exists for Liyue.
music/act1_liyue/boss/music_combat_Tartaglia_S02.ogg	media/raw/music/act1_liyue/boss/music_combat_Tartaglia_S02.ogg	act1_liyue/boss	MusicSegment/music_combat_Tartaglia_S02	Genshin Impact install, Music7.pck, AnimeWwise hk4e.map name	PLACEHOLDER-COPYRIGHTED		E default: Primo Geovishap (act1 mapping line 86) has no theme, so Liyue's own weekly boss, Childe, stands.
music/act1_liyue/map/music_explore_LiYue_day_02.ogg	media/raw/music/act1_liyue/map/music_explore_LiYue_day_02.ogg	act1_liyue/map	MusicSegment/music_explore_LiYue_day_02	Genshin Impact install, Music10.pck, AnimeWwise hk4e.map name	PLACEHOLDER-COPYRIGHTED		E default: Liyue's longest extracted daytime exploration loop (80.0s); the bucket is thin by name convention.
music/act2_natlan/combat/Music_Dungeon_MoRenGuaiWu_NaTa_N011.ogg	media/raw/music/act2_natlan/combat/Music_Dungeon_MoRenGuaiWu_NaTa_N011.ogg	act2_natlan/combat	MusicSegment/Music_Dungeon_MoRenGuaiWu_NaTa_N011	Genshin Impact install, Music0.pck, AnimeWwise hk4e.map name	PLACEHOLDER-COPYRIGHTED		STANDS (was act2_natlan, 2026-09-17): Natlan's combat lives under Dungeon_MoRenGuaiWu, not combat_NaTa.
music/act2_natlan/elite/Music_Dungeon_MoRenGuaiWu_NaTa_N012.ogg	media/raw/music/act2_natlan/elite/Music_Dungeon_MoRenGuaiWu_NaTa_N012.ogg	act2_natlan/elite	MusicSegment/Music_Dungeon_MoRenGuaiWu_NaTa_N012	Genshin Impact install, Music14.pck, AnimeWwise hk4e.map name	PLACEHOLDER-COPYRIGHTED		E default: the face's second combat variant; no elite_ track exists for Natlan.
music/act2_natlan/boss/Music_Combat_TheAbyssXiuhcoatl_ZhouBen_N306.ogg	media/raw/music/act2_natlan/boss/Music_Combat_TheAbyssXiuhcoatl_ZhouBen_N306.ogg	act2_natlan/boss	MusicSegment/Music_Combat_TheAbyssXiuhcoatl_ZhouBen_N306	Genshin Impact install, Music31.pck, AnimeWwise hk4e.map name	PLACEHOLDER-COPYRIGHTED		E default: Xiuhcoatl; the act-2 mapping gives Natlan no boss reading on the Hive, so the nation's strongest boss theme stands.
music/act2_natlan/map/Music_Explore_BW_NaTa_Day_N002.ogg	media/raw/music/act2_natlan/map/Music_Explore_BW_NaTa_Day_N002.ogg	act2_natlan/map	MusicSegment/Music_Explore_BW_NaTa_Day_N002	Genshin Impact install, Music15.pck, AnimeWwise hk4e.map name	PLACEHOLDER-COPYRIGHTED		E default: Natlan's longest daytime overworld loop (112.3s).
music/act2_inazuma/combat/music_combat_DaoQi_A.ogg	media/raw/music/act2_inazuma/combat/music_combat_DaoQi_A.ogg	act2_inazuma/combat	MusicSegment/music_combat_DaoQi_A	Genshin Impact install, Music6.pck, AnimeWwise hk4e.map name	PLACEHOLDER-COPYRIGHTED		STANDS (was act2_inazuma, 2026-09-17): Battles of Inazuma A.
music/act2_inazuma/elite/music_combat_YXG_Elite_loop_02.ogg	media/raw/music/act2_inazuma/elite/music_combat_YXG_Elite_loop_02.ogg	act2_inazuma/elite	MusicSegment/music_combat_YXG_Elite_loop_02	Genshin Impact install, Music5.pck, AnimeWwise hk4e.map name	PLACEHOLDER-COPYRIGHTED		E default: a real elite_ name (Enkanomiya, Inazuma), 248.1s.
music/act2_inazuma/boss/Music_Combat_Shougun_Mita_S01.ogg	media/raw/music/act2_inazuma/boss/Music_Combat_Shougun_Mita_S01.ogg	act2_inazuma/boss	MusicSegment/Music_Combat_Shougun_Mita_S01	Genshin Impact install, Music5.pck, AnimeWwise hk4e.map name	PLACEHOLDER-COPYRIGHTED		E default: Raiden Shogun. Kaiser Crab's top pick, La Signora, is scored Snezhnaya (act2 mapping line 61), so the face's own archon is the nation-correct read.
music/act2_inazuma/map/music_explore_DaoQi_A4.ogg	media/raw/music/act2_inazuma/map/music_explore_DaoQi_A4.ogg	act2_inazuma/map	MusicSegment/music_explore_DaoQi_A4	Genshin Impact install, Music2.pck, AnimeWwise hk4e.map name	PLACEHOLDER-COPYRIGHTED		E default: Inazuma mainland day loop; the YXG family is Enkanomiya and reads as a different place.
music/act3_fontaine/combat/music_combat_FengDan_F012.ogg	media/raw/music/act3_fontaine/combat/music_combat_FengDan_F012.ogg	act3_fontaine/combat	MusicSegment/music_combat_FengDan_F012	Genshin Impact install, Music25.pck, AnimeWwise hk4e.map name	PLACEHOLDER-COPYRIGHTED		[USER] 2026-09-17, replacing the F011 default: preferred by ear.
music/act3_fontaine/elite/music_combat_FengDan_F013.ogg	media/raw/music/act3_fontaine/elite/music_combat_FengDan_F013.ogg	act3_fontaine/elite	MusicSegment/music_combat_FengDan_F013	Genshin Impact install, Music14.pck, AnimeWwise hk4e.map name	PLACEHOLDER-COPYRIGHTED		E default: the face's remaining combat variant; no elite_ track exists for Fontaine.
music/act3_fontaine/boss/music_combat_Devourer_S01_F210_02.ogg	media/raw/music/act3_fontaine/boss/music_combat_Devourer_S01_F210_02.ogg	act3_fontaine/boss	MusicSegment/music_combat_Devourer_S01_F210_02	Genshin Impact install, Music12.pck, AnimeWwise hk4e.map name	PLACEHOLDER-COPYRIGHTED		E default: the All-Devouring Narwhal. Iniquitous Baptist (act3 mapping line 70) has no theme, so Fontaine's own weekly boss stands.
music/act3_fontaine/map/music_explore_BW_F128.ogg	media/raw/music/act3_fontaine/map/music_explore_BW_F128.ogg	act3_fontaine/map	MusicSegment/music_explore_BW_F128	Genshin Impact install, Music27.pck, AnimeWwise hk4e.map name	PLACEHOLDER-COPYRIGHTED		E default: Fontaine's longest overworld day loop (152.5s). NOT in the 419-file extraction -- the music_explore_BW_F<nnn> family carries no nation token, so classify.py dropped all 39; pulled from scan-music.tsv with the same ww2ogg+ReVorb pipeline, no re-encode.
music/act3_sumeru/combat/music_combat_XuMi_X61.ogg	media/raw/music/act3_sumeru/combat/music_combat_XuMi_X61.ogg	act3_sumeru/combat	MusicSegment/music_combat_XuMi_X61	Genshin Impact install, Music28.pck, AnimeWwise hk4e.map name	PLACEHOLDER-COPYRIGHTED		STANDS (was act3_sumeru, 2026-09-17): Battles of Sumeru X61.
music/act3_sumeru/elite/music_combat_elite_XuMi_X51.ogg	media/raw/music/act3_sumeru/elite/music_combat_elite_XuMi_X51.ogg	act3_sumeru/elite	MusicSegment/music_combat_elite_XuMi_X51	Genshin Impact install, Music17.pck, AnimeWwise hk4e.map name	PLACEHOLDER-COPYRIGHTED		E default: a real elite_ name for Sumeru, 247.6s.
music/act3_sumeru/boss/music_combat_Scaramouche_S03_loop.ogg	media/raw/music/act3_sumeru/boss/music_combat_Scaramouche_S03_loop.ogg	act3_sumeru/boss	MusicSegment/music_combat_Scaramouche_S03_loop	Genshin Impact install, Music19.pck, AnimeWwise hk4e.map name	PLACEHOLDER-COPYRIGHTED		E default: Shouki no Kami, the act-3 mapping's literal match on Aeonglass (act3 mapping line 71).
music/act3_sumeru/map/music_explore_XuMi_BW_X21.ogg	media/raw/music/act3_sumeru/map/music_explore_XuMi_BW_X21.ogg	act3_sumeru/map	MusicSegment/music_explore_XuMi_BW_X21	Genshin Impact install, Music1.pck, AnimeWwise hk4e.map name	PLACEHOLDER-COPYRIGHTED		E default: the Sumeru rainforest day loop; the CYJY family is the desert and reads as a different place.
music/menu/music_login_common.ogg	media/raw/music/menu/music_login_common.ogg	menu	MusicSegment/music_login_common	Genshin Impact install, Music31.pck, AnimeWwise hk4e.map name	PLACEHOLDER-COPYRIGHTED		E default, GLOBAL slot: the login theme, the closest thing Genshin has to a main-menu track. Plays over event:/music/menu_update only.
music/shop/music_city_mengde_day_03.ogg	media/raw/music/shop/music_city_mengde_day_03.ogg	shop	MusicSegment/music_city_mengde_day_03	Genshin Impact install, Music17.pck, AnimeWwise hk4e.map name	PLACEHOLDER-COPYRIGHTED		E default, GLOBAL slot: a bright city theme for the merchant room; deliberately not per-face, so a shop reads the same in every nation.
music/rest/music_scene_mengde_saloon.ogg	media/raw/music/rest/music_scene_mengde_saloon.ogg	rest	MusicSegment/music_scene_mengde_saloon	Genshin Impact install, Music22.pck, AnimeWwise hk4e.map name	PLACEHOLDER-COPYRIGHTED		E default, GLOBAL slot: the Angel's Share tavern interior, the closest thing in Genshin to a rest site.
