body	face	base_entry	display_name	size_class	notes
fatui_pyro_agent	MONDSTADT	ASSASSIN_RUBY_RAIDER	Fatui Pyro Agent	regular	dresses Assassin Ruby Raider
fatui_electrohammer_vanguard	MONDSTADT	AXE_RUBY_RAIDER	Fatui Electrohammer Vanguard	regular	dresses Axe Ruby Raider
fatui_anemoboxer_vanguard	MONDSTADT	BRUTE_RUBY_RAIDER	Fatui Anemoboxer Vanguard	regular	dresses Brute Ruby Raider
ruin_guard	MONDSTADT	BYGONE_EFFIGY	Ruin Guard	elite	
anemo_hilichurl_rogue	MONDSTADT	BYRDONIS	Anemo Hilichurl Rogue	elite	palette
golden_wolflord	MONDSTADT	CEREMONIAL_BEAST	Golden Wolflord	boss	act-1 Table A's Mondstadt candidate (wolves are Mondstadt-exclusive); shares its plate with SUMERU/FABRICATOR at a different size class
fatui_hydrogunner_legionnaire	MONDSTADT	CROSSBOW_RUBY_RAIDER	Fatui Hydrogunner Legionnaire	regular	dresses Crossbow Ruby Raider, one of the five Raiders the Fatui squad takes as a gang
overgrown_breacher_primus	MONDSTADT	CUBEX_CONSTRUCT	Overgrown Breacher Primus	regular	one plate, two faces: it also dresses FONTAINE/CUBEX_CONSTRUCT
eye_of_the_storm	MONDSTADT	EYE_WITH_TEETH	Eye of the Storm	regular	dresses Eye with Teeth
anemo_specter	MONDSTADT	FLYCONID	Anemo Specter	regular	dresses Flyconid; also SUMERU/The Forgotten
anemo_samachurl	MONDSTADT	FOGMOG	Anemo Samachurl	regular	palette
anemo_slime	MONDSTADT	FUZZY_WURM_CRAWLER	Anemo Slime	regular	dresses Fuzzy Wurm Crawler
hilichurl	MONDSTADT	INKLET	Hilichurl	regular	
eremite_linebreaker	MONDSTADT	KIN_FOLLOWER	Eremite Linebreaker	regular	one plate, priest and followers
eremite_linebreaker	MONDSTADT	KIN_PRIEST	Eremite Linebreaker	regular	act-1 Table A's Kin candidate
dendro_slime	MONDSTADT	LEAF_SLIME_M	Dendro Slime	regular	
dendro_slime	MONDSTADT	LEAF_SLIME_S	Dendro Slime	regular	one plate, both slime sizes
rockfond_rifthound	MONDSTADT	MAWLER	Rockfond Rifthound	regular	palette; shares its plate with INAZUMA/CHOMPER
wooden_shield_hilichurl_guard	MONDSTADT	NIBBIT	Wooden Shield Hilichurl Guard	regular	
jadeplume_terrorshroom	MONDSTADT	PHROG_PARASITE	Jadeplume Terrorshroom	elite	dresses Phrog Parasite (elite)
sternshield_crab	MONDSTADT	SHRINKER_BEETLE	Sternshield Crab	regular	dresses Shrinker Beetle
tangled_vines_frostnight_scion	MONDSTADT	SLITHERING_STRANGLER	Tangled Vines Frostnight Scion	regular	dresses Slithering Strangler
cryo_whopperflower	MONDSTADT	SNAPPING_JAXFRUIT	Cryo Whopperflower	regular	dresses Snapping Jaxfruit
fatui_geochanter_bracer	MONDSTADT	TRACKER_RUBY_RAIDER	Fatui Geochanter Bracer	regular	dresses Tracker Ruby Raider
cryo_slime	MONDSTADT	TWIG_SLIME_M	Cryo Slime	regular	
cryo_slime	MONDSTADT	TWIG_SLIME_S	Cryo Slime	regular	one plate, both slime sizes
boreas	MONDSTADT	VANTOM	Andrius	boss	
rugged_elder_leshy	MONDSTADT	VINE_SHAMBLER	Rugged Elder Leshy	regular	dresses Vine Shambler
hydro_cicin	MONDSTADT	WRIGGLER	Hydro Cicin	regular	dresses Wriggler, Phrog's add; also INAZUMA/Bowlbug Nectar
pyro_abyss_mage	MONDSTADT		Pyro Abyss Mage	elite	scene only: PHANTASMAL_GARDENER is one Id.Entry, and it is Underdocks-side
electro_abyss_mage	MONDSTADT		Electro Abyss Mage	elite	scene only: PHANTASMAL_GARDENER is one Id.Entry, and it is Underdocks-side
cryo_abyss_mage	MONDSTADT		Cryo Abyss Mage	elite	scene only: PHANTASMAL_GARDENER is one Id.Entry, and it is Underdocks-side
hydro_abyss_mage	MONDSTADT		Hydro Abyss Mage	elite	scene only: its row keyed PHANTASMAL_GARDENER, which only the Underdocks rolls; LIYUE's Gardener row is the Hilichurl Fighter
cryo_regisvine	MONDSTADT		Cryo Regisvine	boss	scene only: its row keyed LAGAVULIN_MATRIARCH, which only the Underdocks rolls; LIYUE's Matriarch row is the Primo Geovishap
treasure_hoarder_gravedigger	LIYUE	CALCIFIED_CULTIST	Treasure Hoarder Gravedigger	regular	dresses Calcified Cultist
hydro_slime	LIYUE	CORPSE_SLUG	Hydro Slime	regular	
treasure_hoarder_seaman	LIYUE	DAMP_CULTIST	Treasure Hoarder Seaman	regular	dresses Damp Cultist
wooden_shield_hilichurl_guard	LIYUE	FAT_GREMLIN	Wooden Shield Hilichurl Guard	regular	one plate, two faces: it also dresses MONDSTADT/NIBBIT
geovishap	LIYUE	FOSSIL_STALKER	Geovishap	regular	dresses Fossil Stalker
hydro_slime	LIYUE	GAS_BOMB	Hydro Slime	regular	one plate, the Living Fog's bombs and the Corpse Slugs
treasure_hoarder_handyman	LIYUE	GREMLIN_MERC	Treasure Hoarder Handyman	regular	
hydro_specter	LIYUE	HAUNTED_SHIP	Hydro Specter	regular	one plate, two faces: it also dresses FONTAINE/SCROLL_OF_BITING
primo_geovishap	LIYUE	LAGAVULIN_MATRIARCH	Primo Geovishap	boss	Liyue-exclusive body
anemo_samachurl	LIYUE	LIVING_FOG	Anemo Samachurl	regular	palette
hilichurl_fighter	LIYUE	PHANTASMAL_GARDENER	Hilichurl Fighter	elite	the camp is Fighters plus Guards but the elite is one Id.Entry
ruin_hunter	LIYUE	PUNCH_CONSTRUCT	Ruin Hunter	regular	dresses Punch Construct
treasure_hoarder_marksman	LIYUE	SEAPUNK	Treasure Hoarder Marksman	regular	
rock_shield_hilichurl_guard	LIYUE	SEWER_CLAM	Rock Shield Hilichurl Guard	elite	the camp's other half; large_geo_slime moved to the Sludge Spinner
ruin_guard	LIYUE	SKULKING_COLONY	Ruin Guard	elite	
large_geo_slime	LIYUE	SLUDGE_SPINNER	Large Geo Slime	regular	large_hydro_slime was vetoed
treasure_hoarder_scout	LIYUE	SNEAKY_GREMLIN	Treasure Hoarder Scout	regular	the merc's gang, dressed as the Hoarders' gang
rhodeia_of_loch	LIYUE	SOUL_FYSH	Rhodeia of Loch	boss	dresses Soul Fysh (boss)
ruin_serpent	LIYUE	TERROR_EEL	Ruin Serpent	elite	dresses Terror Eel (elite)
geo_slime	LIYUE	TOADPOLE	Geo Slime	regular	
geovishap_hatchling	LIYUE	TWO_TAILED_RAT	Geovishap Hatchling	regular	Liyue-exclusive body
azhdaha	LIYUE	WATERFALL_GIANT	Azhdaha	boss	dresses Waterfall Giant (boss)
kongamato	LIYUE		Kongamato	boss	scene only: its row keyed VANTOM, an Overgrowth entry; the Underdocks bosses (Waterfall Giant, Soul Fysh) await their own portrait bill
qucusaurus_chick	NATLAN	BOWLBUG_EGG	Qucusaurus Chick	regular	dresses Bowlbug Egg
koholasaur_whelp	NATLAN	BOWLBUG_NECTAR	Koholasaur Whelp	regular	dresses Bowlbug Nectar
tepetlisaurus_warrior_rockbreaker_blade	NATLAN	BOWLBUG_ROCK	Tepetlisaurus Warrior: Rockbreaker Blade	regular	
tepetlisaur_whelp	NATLAN	BOWLBUG_SILK	Tepetlisaur Whelp	regular	
koholasaurus	NATLAN	CHOMPER	Koholasaurus	regular	palette
magatsu_mitake_narukami_no_mikoto	NATLAN	CRUSHER	Magatsu Mitake Narukami no Mikoto	boss	Natlan borrows Inazuma's body
rock_shield_hilichurl_guard	NATLAN	DECIMILLIPEDE_SEGMENT_BACK	Rock Shield Hilichurl Guard	elite	palette; one plate, all three segments
rock_shield_hilichurl_guard	NATLAN	DECIMILLIPEDE_SEGMENT_FRONT	Rock Shield Hilichurl Guard	elite	palette; one plate, all three segments
rock_shield_hilichurl_guard	NATLAN	DECIMILLIPEDE_SEGMENT_MIDDLE	Rock Shield Hilichurl Guard	elite	palette; one plate, all three segments
yumkasaurus_warrior_flowing_skyfire	NATLAN	ENTOMANCER	Yumkasaurus Warrior: Flowing Skyfire	elite	
tepetlisaur_whelp	NATLAN	EXOSKELETON	Tepetlisaur Whelp	regular	one plate, pod and trio
yumkasaurus	NATLAN	HUNTER_KILLER	Yumkasaurus	regular	palette
rock_cavernous_wayob_manifestation	NATLAN	INFESTED_PRISM	Rock-Cavernous Wayob Manifestation	elite	
everlasting_lord_of_arcane_wisdom	NATLAN	KNOWLEDGE_DEMON	Shouki no Kami, the Prodigal	boss	Natlan borrows Sumeru's body
tatankasaurus	NATLAN	LOUSE_PROGENITOR	Tatankasaurus	regular	palette
yumkasaur_whelp	NATLAN	MYTE	Yumkasaur Whelp	regular	palette
iktomisaurus	NATLAN	OVICOPTER	Iktomisaurus	regular	
hydro_samachurl	NATLAN	PARAFRIGHT	Hydro Samachurl	regular	palette; one plate, both halves of the pair
magatsu_mitake_narukami_no_mikoto	NATLAN	ROCKET	Magatsu Mitake Narukami no Mikoto	boss	one plate, both crab slots
tepetlisaurus_warrior_shard_striker	NATLAN	SLUMBERING_BEETLE	Tepetlisaurus Warrior: Shard Striker	regular	dresses Slumbering Beetle
qucusaurus	NATLAN	SPINY_TOAD	Qucusaurus	regular	dresses Spiny Toad
emperor_of_fire_and_iron	NATLAN	THE_INSATIABLE	Emperor of Fire and Iron	boss	dresses The Insatiable (boss)
hydro_samachurl	NATLAN	THE_OBSCURA	Hydro Samachurl	regular	palette
treasure_hoarder_scout	NATLAN	THIEVING_HOPPER	Treasure Hoarder Scout	regular	one plate, two faces: it also dresses LIYUE/SNEAKY_GREMLIN
iktomisaurus_chick	NATLAN	TOUGH_EGG	Iktomisaurus Chick	regular	
tepetlisaurus	NATLAN	TUNNELER	Tepetlisaurus	regular	
chanca	NATLAN		Chanca	regular	scene only: the Ancient Tezcatara is an AncientEventModel, not a MonsterModel
electro_cicin	INAZUMA	BOWLBUG_EGG	Electro Cicin	regular	dresses Bowlbug Egg
hydro_cicin	INAZUMA	BOWLBUG_NECTAR	Hydro Cicin	regular	one plate, two faces: it also dresses MONDSTADT/WRIGGLER
nobushi_kikouban	INAZUMA	BOWLBUG_ROCK	Nobushi: Kikouban	regular	palette
nobushi_kikouban	INAZUMA	BOWLBUG_SILK	Nobushi: Kikouban	regular	palette; one plate, whole pod
rockfond_rifthound	INAZUMA	CHOMPER	Rockfond Rifthound	regular	shares its plate with MONDSTADT/MAWLER
magatsu_mitake_narukami_no_mikoto	INAZUMA	CRUSHER	Magatsu Mitake Narukami no Mikoto	boss	
electro_specter	INAZUMA	DECIMILLIPEDE_SEGMENT_BACK	Electro Specter	elite	palette
electro_specter	INAZUMA	DECIMILLIPEDE_SEGMENT_FRONT	Electro Specter	elite	palette
electro_specter	INAZUMA	DECIMILLIPEDE_SEGMENT_MIDDLE	Electro Specter	elite	palette
kairagi_fiery_might	INAZUMA	ENTOMANCER	Kairagi: Fiery Might	elite	palette
thundercraven_rifthound_whelp	INAZUMA	EXOSKELETON	Thundercraven Rifthound Whelp	regular	
primordial_bathysmal_vishap	INAZUMA	HUNTER_KILLER	Primordial Bathysmal Vishap	regular	
electro_specter	INAZUMA	INFESTED_PRISM	Electro Specter	elite	palette; one plate, segments and prism
everlasting_lord_of_arcane_wisdom	INAZUMA	KNOWLEDGE_DEMON	Shouki no Kami, the Prodigal	boss	Inazuma borrows Sumeru's body, as NATLAN already does
wooden_shieldwall_mitachurl	INAZUMA	LOUSE_PROGENITOR	Wooden Shieldwall Mitachurl	regular	palette
dendro_samachurl	INAZUMA	MYTE	Dendro Samachurl	regular	palette
fatui_cryo_cicin_mage	INAZUMA	OVICOPTER	Fatui Cryo Cicin Mage	regular	palette
hydro_samachurl	INAZUMA	PARAFRIGHT	Hydro Samachurl	regular	palette
magatsu_mitake_narukami_no_mikoto	INAZUMA	ROCKET	Magatsu Mitake Narukami no Mikoto	boss	one plate, both crab slots
kairagi_dancing_thunder	INAZUMA	SLUMBERING_BEETLE	Kairagi: Dancing Thunder	regular	dresses Slumbering Beetle, the Bowlbugs' leader
mutant_electro_slime	INAZUMA	SPINY_TOAD	Mutant Electro Slime	regular	dresses Spiny Toad
thunder_manifestation	INAZUMA	THE_INSATIABLE	Thunder Manifestation	boss	dresses The Insatiable (boss)
hydro_samachurl	INAZUMA	THE_OBSCURA	Hydro Samachurl	regular	palette
hat_jellyfish	INAZUMA	THIEVING_HOPPER	Hat Jellyfish	regular	dresses Thieving Hopper
fatui_cryo_cicin_mage	INAZUMA	TOUGH_EGG	Fatui Cryo Cicin Mage	regular	palette; one plate, mage and eggs
thundercraven_rifthound	INAZUMA	TUNNELER	Thundercraven Rifthound	regular	
hirayama	INAZUMA		Hirayama	regular	scene only: the Ancient Darv is an AncientEventModel, not a MonsterModel
prototype_cal_breguet	FONTAINE	AEONGLASS	Prototype: Cal. Breguet	boss	
assault_specialist_mek	FONTAINE	AXEBOT	Assault Specialist Mek	regular	
overgrown_breacher_primus	FONTAINE	CUBEX_CONSTRUCT	Overgrown Breacher Primus	regular	
geo_samachurl	FONTAINE	DEVOTED_SCULPTOR	Geo Samachurl	regular	palette
annihilation_specialist_mek	FONTAINE	FABRICATOR	Annihilation Specialist Mek	regular	
mirror_maiden	FONTAINE	FLAIL_KNIGHT	Mirror Maiden	elite	palette; one plate anchors the whole gang
frostarm_lawachurl	FONTAINE	FROG_KNIGHT	Frostarm Lawachurl	regular	palette
arithmetic_enhancer_mek	FONTAINE	GLOBE_HEAD	Arithmetic Enhancer Mek	regular	dresses Globe Head
construction_specialist_mek	FONTAINE	LIVING_SHIELD	Construction Specialist Mek	regular	
mirror_maiden	FONTAINE	MAGI_KNIGHT	Mirror Maiden	elite	palette; one plate anchors the whole gang
shatterstone_breacher_primus	FONTAINE	MECHA_KNIGHT	Large Shatterstone Breacher Primus	elite	
cherubic_sea_hare	FONTAINE	OWL_MAGISTRATE	Cherubic Sea Hare	regular	dresses Owl Magistrate
suppression_specialist_mek	FONTAINE	PUNCH_CONSTRUCT	Suppression Specialist Mek	regular	
all_devouring_narwhal	FONTAINE	QUEEN	All-Devouring Narwhal	boss	dresses Queen (boss)
hydro_specter	FONTAINE	SCROLL_OF_BITING	Hydro Specter	regular	palette
blubberbeast	FONTAINE	SLIMED_BERSERKER	Blubberbeast	regular	dresses Slimed Berserker
electro_regisvine	FONTAINE	SOUL_NEXUS	Electro Regisvine	elite	palette
mirror_maiden	FONTAINE	SPECTRAL_KNIGHT	Mirror Maiden	elite	palette; one plate anchors the whole gang
iniquitous_baptist	FONTAINE	TEST_SUBJECT	Iniquitous Baptist	boss	
tainted_water_spouting_phantasm	FONTAINE	THE_FORGOTTEN	Tainted Water-Spouting Phantasm	regular	dresses The Forgotten
tainted_water_splitting_phantasm	FONTAINE	THE_LOST	Tainted Water-Splitting Phantasm	regular	dresses The Lost
hydro_tulpa	FONTAINE	TORCH_HEAD_AMALGAM	Hydro Tulpa	boss	dresses Torch Head Amalgam, Queen's add
area_alert_mek	FONTAINE	TURRET_OPERATOR	Area Alert Mek	regular	
everlasting_lord_of_arcane_wisdom	SUMERU	AEONGLASS	Shouki no Kami, the Prodigal	boss	one plate, two bosses
primal_construct_reshaper	SUMERU	AXEBOT	Primal Construct: Reshaper	regular	dresses Axebot
primal_construct_prospector	SUMERU	CUBEX_CONSTRUCT	Primal Construct: Prospector	regular	dresses Cubex Construct
eremite_scorching_loremaster	SUMERU	DEVOTED_SCULPTOR	Eremite Scorching Loremaster	regular	
golden_wolflord	SUMERU	FABRICATOR	Golden Wolflord	regular	
eremite_sunfrost	SUMERU	FLAIL_KNIGHT	Eremite Sunfrost	elite	one plate anchors the whole war-band
eremite_stone_enchanter	SUMERU	FROG_KNIGHT	Eremite Stone Enchanter	regular	
eremite_daythunder	SUMERU	GLOBE_HEAD	Eremite Daythunder	regular	
eremite_ravenbeak_halberdier	SUMERU	LIVING_SHIELD	Eremite Ravenbeak Halberdier	regular	
eremite_sunfrost	SUMERU	MAGI_KNIGHT	Eremite Sunfrost	elite	one plate anchors the whole war-band
consecrated_red_vulture	SUMERU	MECHA_KNIGHT	Consecrated Red Vulture	elite	
consecrated_flying_serpent	SUMERU	OWL_MAGISTRATE	Consecrated Flying Serpent	regular	dresses Owl Magistrate
primal_construct_repulsor	SUMERU	PUNCH_CONSTRUCT	Primal Construct: Repulsor	regular	dresses Punch Construct
setekh_wenut	SUMERU	QUEEN	Setekh Wenut	boss	dresses Queen (boss)
eremite_linebreaker	SUMERU	SCROLL_OF_BITING	Eremite Linebreaker	regular	
consecrated_horned_crocodile	SUMERU	SLIMED_BERSERKER	Consecrated Horned Crocodile	regular	
algorithm_of_semi_intransient_matrix_of_overseer_network	SUMERU	SOUL_NEXUS	Algorithm of Semi-Intransient Matrix of Overseer Network	elite	dresses Soul Nexus (elite)
eremite_sunfrost	SUMERU	SPECTRAL_KNIGHT	Eremite Sunfrost	elite	one plate anchors the whole war-band
warden_of_oasis_prime	SUMERU	TEST_SUBJECT	Apep's Guardian	boss	
anemo_specter	SUMERU	THE_FORGOTTEN	Anemo Specter	regular	one plate, two faces: it also dresses MONDSTADT/FLYCONID
dendro_specter	SUMERU	THE_LOST	Dendro Specter	regular	dresses The Lost
pyro_specter	SUMERU	TORCH_HEAD_AMALGAM	Pyro Specter	regular	dresses Torch Head Amalgam, Queen's add; the small add takes regular
eremite_crossbow	SUMERU	TURRET_OPERATOR	Eremite Crossbow	regular	
liloupar	SUMERU		Liloupar	regular	scene only: the Ancient Vakuu is an AncientEventModel, not a MonsterModel
