file	status	in_degree_total	code	ledger	living	reference	archived	review	other
docs/README.md	LIVING	6	0	0	2	0	2	1	1
docs/a2-gate-ratification-2026-07-27.md	MISSING	10	1	1	1	0	6	0	1
docs/act2-act3-roster-research.md	MISSING	6	0	0	0	0	2	4	0
docs/animation-capability-memo.md	MISSING	3	0	0	0	0	3	0	0
docs/animation-downfall-investigation-2026-08-05.md	MISSING	2	0	0	0	0	2	0	0
docs/animation-spike-skeleton2d-kokomi-2026-08-06.md	UNBANNERED	4	1	0	2	0	0	0	1
docs/animation-sprint-1-a4-gate.png	UNBANNERED	2	0	0	0	0	2	0	0
docs/animation-sprint-1-log.md	MISSING	1	0	0	0	0	1	0	0
docs/animation-sprint-1-plan.md	MISSING	1	0	0	0	0	1	0	0
docs/animation-sprint-2-a3-intake.png	MISSING	3	0	0	1	0	2	0	0
docs/animation-sprint-2-log.md	MISSING	18	1	2	2	0	12	0	1
docs/animation-sprint-2-plan.md	LIVING	9	0	1	2	0	5	0	1
docs/archive/a2-gate-ratification-2026-07-27.md	ARCHIVED	3	2	0	1	0	0	0	0
docs/archive/act2-act3-roster-research.md	ARCHIVED	5	0	0	2	0	1	1	1
docs/archive/also-gone.md	MISSING	1	1	0	0	0	0	0	0
docs/archive/animation-capability-memo.md	ARCHIVED	5	2	0	1	0	0	0	2
docs/archive/animation-downfall-investigation-2026-08-05.md	ARCHIVED	4	2	0	0	0	0	0	2
docs/archive/animation-sprint-1-log.md	ARCHIVED	4	0	1	1	0	1	0	1
docs/archive/animation-sprint-1-plan.md	ARCHIVED	5	0	1	2	0	1	0	1
docs/archive/animation-sprint-2-log.md	ARCHIVED	5	1	0	3	0	1	0	0
docs/archive/art-taste-pass.md	ARCHIVED	3	1	0	1	0	0	0	1
docs/archive/axis-validity-countersign-2026-08-04.md	ARCHIVED	5	1	0	2	0	0	1	1
docs/archive/backlog-2026-07-29.md	ARCHIVED	6	0	0	6	0	0	0	0
docs/archive/brief-coop-charter-items.md	ARCHIVED	4	1	0	3	0	0	0	0
docs/archive/brief-kokomi-pool-fill.md	ARCHIVED	3	0	0	2	0	1	0	0
docs/archive/brief-unheard-confession-rework.md	ARCHIVED	1	0	0	1	0	0	0	0
docs/archive/c3-codegen-gap-list.md	ARCHIVED	2	0	0	1	0	0	0	1
docs/archive/calibration-notes.md	ARCHIVED	3	0	1	2	0	0	0	0
docs/archive/companion-art-plan-addendum.md	ARCHIVED	5	0	0	2	0	2	0	1
docs/archive/companion-lore-errata.md	ARCHIVED	3	0	0	1	0	1	0	1
docs/archive/companion-value-vs-colorless-study.md	ARCHIVED	4	0	0	3	0	0	0	1
docs/archive/csharp-build-spec.md	ARCHIVED	11	3	1	2	0	4	0	1
docs/archive/curtain-call-sprint-log-2026-07-27.md	ARCHIVED	2	0	0	1	0	0	0	1
docs/archive/dispatch-2026-08-06-q13-q14-q15.md	ARCHIVED	1	0	0	1	0	0	0	0
docs/archive/dispatch-2026-08-06b-eleven-replies.md	ARCHIVED	2	0	0	2	0	0	0	0
docs/archive/dispatch-2026-08-06d-four-replies.md	ARCHIVED	2	0	0	2	0	0	0	0
docs/archive/enchantments-design-2026-07-27.md	ARCHIVED	3	1	0	2	0	0	0	0
docs/archive/epoch-1-log-2026-07-26.md	ARCHIVED	2	0	0	2	0	0	0	0
docs/archive/errata-m5-triage.md	ARCHIVED	4	0	1	1	0	1	0	1
docs/archive/fight-class-taxonomy.md	ARCHIVED	1	0	0	0	0	0	0	1
docs/archive/fontaine-rares-banner-sprint-log.md	ARCHIVED	6	2	0	3	0	1	0	0
docs/archive/furina-fanfare-sprint-log.md	ARCHIVED	6	1	1	1	0	1	0	2
docs/archive/furina-legibility-sprint-log.md	ARCHIVED	6	0	1	1	0	2	1	1
docs/archive/furina-pass1-rulings.md	ARCHIVED	4	0	1	1	0	1	0	1
docs/archive/furina-pass3-rulings.md	ARCHIVED	6	0	2	1	0	2	0	1
docs/archive/furina-predesign-notes.md	ARCHIVED	10	0	0	3	0	6	0	1
docs/archive/furina-principles-amendment-batch.md	ARCHIVED	4	0	0	2	0	1	0	1
docs/archive/furina-salon-rework-plan.md	ARCHIVED	7	1	0	1	0	3	1	1
docs/archive/furina-sheet-pass-1-plan.md	ARCHIVED	4	1	1	0	0	1	0	1
docs/archive/furina-sheet-pass-1-report.md	ARCHIVED	3	0	0	1	0	1	0	1
docs/archive/furina-sheet-pass-2-plan.md	ARCHIVED	2	0	0	0	0	1	0	1
docs/archive/furina-sheet-pass-2-report.md	ARCHIVED	1	0	0	0	0	0	0	1
docs/archive/furina-sheet-pass-3-plan.md	ARCHIVED	4	1	1	0	0	1	0	1
docs/archive/furina-sheet-pass-3-report.md	ARCHIVED	4	0	0	2	0	1	0	1
docs/archive/furina-sheet-pass-4-plan.md	ARCHIVED	5	1	0	2	0	1	0	1
docs/archive/furina-sheet-redpen.md	ARCHIVED	5	0	1	2	0	1	0	1
docs/archive/furina-sprint-1-plan.md	ARCHIVED	3	0	0	1	0	1	0	1
docs/archive/furina-sprint-1-redpen.md	ARCHIVED	8	0	1	1	0	5	0	1
docs/archive/furina-sprint-1-report.md	ARCHIVED	3	0	0	0	0	2	0	1
docs/archive/furina-strength-findings-2026-07-28.md	ARCHIVED	2	0	0	0	0	1	0	1
docs/archive/furina-tier05-baseline.md	ARCHIVED	3	0	0	1	0	1	0	1
docs/archive/g12-review-2026-08-05.md	ARCHIVED	2	0	0	2	0	0	0	0
docs/archive/handback-note-2026-08-04.md	ARCHIVED	2	0	0	2	0	0	0	0
docs/archive/icon-gap-2026-07-24.md	ARCHIVED	4	0	0	1	0	2	0	1
docs/archive/instrument-redteam-2026-08-05.md	ARCHIVED	5	2	0	2	0	0	0	1
docs/archive/klee-art-redpen-round2.md	ARCHIVED	3	0	0	2	0	0	0	1
docs/archive/klee-art-redpen-round3.md	ARCHIVED	3	0	0	1	0	1	0	1
docs/archive/klee-design-review.md	ARCHIVED	4	0	0	1	0	2	0	1
docs/archive/klee-errata-report.md	ARCHIVED	5	0	1	1	0	2	0	1
docs/archive/klee-pass-1-report.md	ARCHIVED	4	0	1	1	0	1	0	1
docs/archive/klee-pass-2-report.md	ARCHIVED	2	0	0	1	0	0	0	1
docs/archive/klee-pass-3-report.md	ARCHIVED	3	0	1	1	0	0	0	1
docs/archive/klee-pass-4-plan.md	ARCHIVED	5	0	0	3	0	1	0	1
docs/archive/klee-r23-r25-rulings.md	ARCHIVED	3	0	0	2	0	0	0	1
docs/archive/klee-real-battery-calibration.md	ARCHIVED	2	0	0	1	0	0	0	1
docs/archive/klee-session-worknote.md	ARCHIVED	2	0	0	1	0	0	0	1
docs/archive/klee-survival-sprint-plan.md	ARCHIVED	5	1	0	1	0	1	1	1
docs/archive/klee-survival-sprint-report.md	ARCHIVED	3	0	0	1	0	1	0	1
docs/archive/kokomi-roster-v0.1-report.md	ARCHIVED	5	0	0	3	0	1	0	1
docs/archive/kokomi-session-worknote.md	ARCHIVED	2	0	0	1	0	0	0	1
docs/archive/kokomi-sheetpass-v0.2-report.md	ARCHIVED	4	0	0	1	0	1	1	1
docs/archive/kokomi-v0.4-plan.md	ARCHIVED	4	0	1	1	0	1	0	1
docs/archive/kokomi-v0.4-report.md	ARCHIVED	6	0	0	2	0	3	0	1
docs/archive/lore-fidelity-audit-2026-08-05.md	ARCHIVED	3	0	0	2	0	0	0	1
docs/archive/m7-rulings.md	ARCHIVED	4	0	0	1	0	2	0	1
docs/archive/m8-rulings.md	ARCHIVED	2	0	0	1	0	0	0	1
docs/archive/missed-requirements.md	ARCHIVED	9	1	0	5	0	3	0	0
docs/archive/morning-triage-rulings.md	ARCHIVED	3	0	0	1	0	1	0	1
docs/archive/mutation-round-2026-08-05.md	ARCHIVED	1	0	0	0	0	0	0	1
docs/archive/open-playtest-items.md	ARCHIVED	13	1	0	7	0	5	0	0
docs/archive/pass1-rulings-round2.md	ARCHIVED	4	1	0	1	0	0	1	1
docs/archive/pass2-rulings-round3.md	ARCHIVED	3	1	0	1	0	0	0	1
docs/archive/pass3-ratification.md	ARCHIVED	5	0	0	1	0	3	0	1
docs/archive/playtest-2026-07-25-coop-a0.md	ARCHIVED	4	0	0	2	0	0	1	1
docs/archive/playtest2-triage-2026-07-28.md	ARCHIVED	1	0	0	0	0	0	0	1
docs/archive/playtest3-notes-2026-07-28.md	ARCHIVED	3	0	0	1	0	0	1	1
docs/archive/playtest4-notes-2026-08-04.md	ARCHIVED	2	0	0	1	0	0	0	1
docs/archive/playtest4-triage-2026-08-04.md	ARCHIVED	1	0	0	0	0	0	0	1
docs/archive/probe-a-block-offset.md	ARCHIVED	4	2	0	2	0	0	0	0
docs/archive/probe-b-fanfare-residual.md	ARCHIVED	3	2	0	1	0	0	0	0
docs/archive/probe-d-aria-block.md	ARCHIVED	3	0	0	2	0	0	0	1
docs/archive/probe-d-registration-draft.md	ARCHIVED	2	0	0	2	0	0	0	0
docs/archive/probe-e-corpse-detonation-registration-draft.md	ARCHIVED	5	3	0	2	0	0	0	0
docs/archive/probe-e-corpse-detonation.md	ARCHIVED	2	0	0	2	0	0	0	0
docs/archive/punch-off-crash-memo.md	ARCHIVED	4	0	0	3	0	0	0	1
docs/archive/reactions-corpus-2026-08-05.md	ARCHIVED	1	0	0	0	0	0	0	1
docs/archive/red-pen-2026-07-26.md	ARCHIVED	7	1	0	4	0	1	0	1
docs/archive/registration-hunt-report-2026-08-06.md	ARCHIVED	2	0	0	0	0	0	0	2
docs/archive/relic-potion-layer-plan.md	ARCHIVED	4	0	0	1	0	1	1	1
docs/archive/roster-anchor-v14-2026-08-05.md	ARCHIVED	4	0	0	2	0	0	0	2
docs/archive/run-model-rework-plan.md	ARCHIVED	10	0	0	3	0	4	2	1
docs/archive/s5-animation-tech-note.md	ARCHIVED	1	0	0	0	0	0	0	1
docs/archive/s7-classification.md	ARCHIVED	2	0	0	2	0	0	0	0
docs/archive/s7-fidelity-audit.md	ARCHIVED	2	0	0	1	0	0	0	1
docs/archive/s7-probe-c.md	ARCHIVED	4	2	0	1	0	0	0	1
docs/archive/serenitea-sweep-ii-log-2026-07-27.md	ARCHIVED	2	0	0	1	0	0	0	1
docs/archive/serenitea-sweep-log-2026-07-26.md	ARCHIVED	2	0	0	1	0	0	0	1
docs/archive/ship-what-we-know-sprint-log.md	ARCHIVED	6	0	1	1	0	2	0	2
docs/archive/ship-what-we-know-sprint-plan.md	ARCHIVED	5	0	1	2	0	1	0	1
docs/archive/shop-companion-channel-plan.md	ARCHIVED	2	0	0	1	0	0	0	1
docs/archive/shop-companion-channel-sprint-log.md	ARCHIVED	7	0	1	3	0	2	0	1
docs/archive/shop-companion-channel-sprint.md	ARCHIVED	2	0	0	1	0	0	0	1
docs/archive/silent-anchor-kickoff-v1.md	ARCHIVED	1	0	0	0	0	0	0	1
docs/archive/silent-anchor-sprint-log-2026-07-27.md	ARCHIVED	3	1	0	1	0	0	0	1
docs/archive/silent-anchor-sprint-plan.md	ARCHIVED	1	0	0	0	0	0	0	1
docs/archive/silent-pilot-review-2026-07-27.md	ARCHIVED	1	0	0	1	0	0	0	0
docs/archive/sitting-prep-2026-08-05.md	ARCHIVED	4	0	0	3	0	0	0	1
docs/archive/sitting-record-predraft-2026-08-06.md	ARCHIVED	9	1	0	8	0	0	0	0
docs/archive/slot5-candidates-2026-08-05.md	ARCHIVED	3	0	0	3	0	0	0	0
docs/archive/sprint-addendum-art.md	ARCHIVED	3	0	0	1	0	1	0	1
docs/archive/sprint-art-and-a7-2026-07-29.md	ARCHIVED	2	1	0	0	0	0	0	1
docs/archive/sprint-art-and-a7-log-2026-07-29.md	ARCHIVED	1	0	0	1	0	0	0	0
docs/archive/sprint-axis-validity-track-a-log-2026-08-04.md	ARCHIVED	3	0	0	3	0	0	0	0
docs/archive/sprint-bugfix-log-2026-07-29.md	ARCHIVED	2	0	0	2	0	0	0	0
docs/archive/sprint-fanfare-compensation-2026-07-28.md	ARCHIVED	2	1	0	0	0	0	0	1
docs/archive/sprint-fanfare-compensation-log-2026-07-28.md	ARCHIVED	2	0	0	0	0	1	0	1
docs/archive/sprint-fanfare-rework-2026-07-28.md	ARCHIVED	3	1	0	1	0	0	0	1
docs/archive/sprint-fanfare-rework-log-2026-07-28.md	ARCHIVED	3	0	0	1	0	1	0	1
docs/archive/sprint-kokomi-instrument-log-2026-07-29.md	ARCHIVED	1	0	0	0	0	0	0	1
docs/archive/sprint-pilot-gap-2026-07-28.md	ARCHIVED	1	0	0	0	0	0	0	1
docs/archive/sprint-pilot-gap-log-2026-07-28.md	ARCHIVED	1	0	0	0	0	0	0	1
docs/archive/sprint-salon-ui-2026-07-28.md	ARCHIVED	1	0	0	0	0	0	0	1
docs/archive/sprint-salon-ui-log-2026-07-28.md	ARCHIVED	1	0	0	0	0	0	0	1
docs/archive/sprint-sim-hygiene-log-2026-07-29.md	ARCHIVED	4	0	0	4	0	0	0	0
docs/archive/sprint-tooling-hardening-log-2026-07-29.md	ARCHIVED	1	0	0	0	0	0	0	1
docs/archive/sprint-track-b-curves-log-2026-08-04.md	ARCHIVED	3	0	0	3	0	0	0	0
docs/archive/sprint-track-b-gate-log-2026-08-05.md	ARCHIVED	2	0	0	2	0	0	0	0
docs/archive/sprint-understudy-p1-log-2026-08-04.md	ARCHIVED	4	1	0	2	0	0	1	0
docs/archive/sprint-understudy-p15-log-2026-08-05.md	ARCHIVED	5	2	0	2	0	0	0	1
docs/archive/sts2-map-and-events-research.md	ARCHIVED	7	0	0	4	0	2	0	1
docs/archive/surplus-week-manifest-2026-08-05.md	ARCHIVED	4	1	0	3	0	0	0	0
docs/archive/take-a-bow-sprint-log-2026-07-27.md	ARCHIVED	2	0	0	1	0	0	0	1
docs/archive/tech-debt-audit-2026-07-26.md	ARCHIVED	6	0	0	3	0	2	1	0
docs/archive/tier0-simulator-spec.md	ARCHIVED	7	0	0	4	0	2	0	1
docs/archive/tier05-draft-sim-spec.md	ARCHIVED	8	0	1	1	0	5	0	1
docs/archive/tier05-m5-report.md	ARCHIVED	4	0	1	1	0	1	0	1
docs/archive/tier05-m6-report.md	ARCHIVED	3	0	0	0	0	2	0	1
docs/archive/tier05-m7-report.md	ARCHIVED	3	0	0	0	0	2	0	1
docs/archive/tier05-m8-report.md	ARCHIVED	5	0	0	2	0	2	0	1
docs/archive/tier05-perf-and-ironclad-act3-notes.md	ARCHIVED	6	1	0	2	0	2	0	1
docs/archive/track-b-validation-gate-countersign-2026-08-04.md	ARCHIVED	1	0	0	1	0	0	0	0
docs/archive/track-t-audits-2026-08-06.md	ARCHIVED	4	0	0	4	0	0	0	0
docs/archive/triage-execution-report.md	ARCHIVED	4	0	1	1	0	1	0	1
docs/archive/understudy-countersign-2026-08-04.md	ARCHIVED	2	0	0	1	0	0	1	0
docs/archive/understudy-p0-findings.md	ARCHIVED	4	1	0	2	0	0	0	1
docs/archive/understudy-phase0-report.md	ARCHIVED	6	1	0	4	0	0	1	0
docs/archive/v6-rebaseline-sweep-2026-08-06.md	ARCHIVED	3	0	0	2	0	0	0	1
docs/archive/zhongli-dossier-2026-08-05.md	ARCHIVED	5	0	0	5	0	0	0	0
docs/art-asset-manifest.md	LIVING	12	2	0	4	0	5	0	1
docs/art-claimed-sources.tsv	UNBANNERED	7	2	0	3	0	1	1	0
docs/art-sprint-spec.md	LIVING	4	1	0	2	0	0	0	1
docs/atlas/README.md	LIVING	1	0	0	0	0	0	0	1
docs/atlas/klee-mod-build-pck.md	LIVING	3	0	0	2	0	0	0	1
docs/atlas/klee-mod-cards.md	LIVING	3	0	0	2	0	0	0	1
docs/atlas/klee-mod-runtime.md	LIVING	2	0	0	1	0	0	0	1
docs/atlas/tier0-engine.md	LIVING	2	0	0	1	0	0	0	1
docs/atlas/tier0-harness-tests.md	LIVING	2	0	0	1	0	0	0	1
docs/atlas/tier0-pilot-roster.md	LIVING	2	0	0	1	0	0	0	1
docs/atlas/tier05-economy.md	LIVING	2	0	0	1	0	0	0	1
docs/atlas/tier05-metrics.md	LIVING	2	0	0	1	0	0	0	1
docs/atlas/tier05-sim-core.md	LIVING	2	0	0	1	0	0	0	1
docs/atlas/tools.md	LIVING	2	0	0	1	0	0	0	1
docs/atlas/understudy.md	LIVING	3	0	0	2	0	0	0	1
docs/atlas/vendor-sts2-mcp.md	LIVING	5	1	0	3	0	0	0	1
docs/awaiting-user-slots-2026-08-06.md	REFERENCE	13	0	3	6	0	2	1	1
docs/axis-validity-countersign-2026-08-04.md	MISSING	7	0	1	1	0	4	0	1
docs/axis-validity-session-charter.md	LIVING	20	3	3	3	2	6	1	2
docs/backlog-2026-07-29.md	MISSING	21	0	2	1	0	15	2	1
docs/brief-coop-charter-items.md	MISSING	7	0	1	1	0	4	0	1
docs/brief-kokomi-pool-fill.md	MISSING	8	0	1	1	0	5	0	1
docs/brief-unheard-confession-rework.md	MISSING	6	0	1	1	0	3	0	1
docs/calibration-notes.md	MISSING	4	0	0	1	0	2	0	1
docs/card_keywords.json	UNBANNERED	4	0	1	2	0	0	1	0
docs/class-p-charter-2026-08-06.md	LIVING	6	2	1	2	0	0	0	1
docs/clear-the-stage-charter-2026-08-06.md	LIVING	4	0	1	2	0	0	0	1
docs/companion-value-vs-colorless-study.md	MISSING	4	0	0	0	0	4	0	0
docs/coop-no-sim-backstop.md	MISSING	4	1	0	1	0	2	0	0
docs/curtain-call-sprint-log-2026-07-27.md	MISSING	6	0	1	1	0	3	0	1
docs/dispatch-2026-08-06-q13-q14-q15.md	MISSING	4	0	1	1	0	1	0	1
docs/dispatch-2026-08-06-status-pass-order.md	REFERENCE	4	0	0	3	1	0	0	0
docs/dispatch-2026-08-06b-eleven-replies.md	MISSING	5	0	1	1	1	1	0	1
docs/dispatch-2026-08-06d-four-replies.md	MISSING	4	0	1	1	0	1	0	1
docs/dispatch-2026-08-06e-six-replies.md	REFERENCE	7	0	1	3	2	0	0	1
docs/dockets/README.md	LIVING	4	0	0	3	0	0	0	1
docs/dockets/companion-pricing.md	LIVING	9	0	0	4	1	2	1	1
docs/dockets/engineering-backlog.md	LIVING	12	1	1	5	0	4	0	1
docs/dockets/klee-rework.md	LIVING	10	0	1	5	0	2	1	1
docs/dockets/kokomi-workshop.md	LIVING	8	0	0	5	0	1	1	1
docs/dockets/watch-items.md	LIVING	8	1	1	3	0	1	1	1
docs/enchantments-design-2026-07-27.md	MISSING	5	0	1	1	0	2	0	1
docs/enemy-dossiers/aeonglass.md	REFERENCE	1	0	0	0	0	0	0	1
docs/enemy-dossiers/assassin-raider.md	REFERENCE	1	0	0	0	0	0	0	1
docs/enemy-dossiers/axe-raider.md	REFERENCE	1	0	0	0	0	0	0	1
docs/enemy-dossiers/axebot.md	REFERENCE	2	0	0	0	0	1	0	1
docs/enemy-dossiers/battle-friend-v1-0.md	REFERENCE	1	0	0	0	0	0	0	1
docs/enemy-dossiers/battle-friend-v2-0.md	REFERENCE	1	0	0	0	0	0	0	1
docs/enemy-dossiers/battle-friend-v3-0.md	REFERENCE	1	0	0	0	0	0	0	1
docs/enemy-dossiers/bowlbug-egg-.md	REFERENCE	1	0	0	0	0	0	0	1
docs/enemy-dossiers/bowlbug-nectar-.md	REFERENCE	1	0	0	0	0	0	0	1
docs/enemy-dossiers/bowlbug-rock-.md	REFERENCE	2	0	0	0	0	1	0	1
docs/enemy-dossiers/bowlbug-silk-.md	REFERENCE	1	0	0	0	0	0	0	1
docs/enemy-dossiers/brute-raider.md	REFERENCE	1	0	0	0	0	0	0	1
docs/enemy-dossiers/bygone-effigy.md	REFERENCE	2	0	0	0	0	1	0	1
docs/enemy-dossiers/byrdonis.md	REFERENCE	1	0	0	0	0	0	0	1
docs/enemy-dossiers/calcified-cultist.md	REFERENCE	1	0	0	0	0	0	0	1
docs/enemy-dossiers/ceremonial-beast.md	REFERENCE	2	0	0	0	0	1	0	1
docs/enemy-dossiers/chomper.md	REFERENCE	2	0	0	0	0	1	0	1
docs/enemy-dossiers/corpse-slug.md	REFERENCE	2	0	0	0	0	1	0	1
docs/enemy-dossiers/crossbow-raider.md	REFERENCE	1	0	0	0	0	0	0	1
docs/enemy-dossiers/crusher.md	REFERENCE	1	0	0	0	0	0	0	1
docs/enemy-dossiers/cubex-construct.md	REFERENCE	1	0	0	0	0	0	0	1
docs/enemy-dossiers/damp-cultist.md	REFERENCE	1	0	0	0	0	0	0	1
docs/enemy-dossiers/decimillipede-back-segment-.md	REFERENCE	1	0	0	0	0	0	0	1
docs/enemy-dossiers/decimillipede-front-segment-.md	REFERENCE	1	0	0	0	0	0	0	1
docs/enemy-dossiers/decimillipede-middle-segment-.md	REFERENCE	1	0	0	0	0	0	0	1
docs/enemy-dossiers/devoted-sculptor.md	REFERENCE	1	0	0	0	0	0	0	1
docs/enemy-dossiers/entomancer.md	REFERENCE	2	0	0	0	0	1	0	1
docs/enemy-dossiers/exoskeleton.md	REFERENCE	1	0	0	0	0	0	0	1
docs/enemy-dossiers/eye-with-teeth.md	REFERENCE	2	0	0	0	0	1	0	1
docs/enemy-dossiers/fabricator.md	REFERENCE	3	0	0	0	1	1	0	1
docs/enemy-dossiers/fat-gremlin.md	REFERENCE	2	0	0	0	0	1	0	1
docs/enemy-dossiers/fight-class-labels.yaml	REFERENCE	3	0	0	1	0	2	0	0
docs/enemy-dossiers/flail-knight.md	REFERENCE	2	0	0	0	0	1	0	1
docs/enemy-dossiers/flyconid.md	REFERENCE	1	0	0	0	0	0	0	1
docs/enemy-dossiers/fogmog.md	REFERENCE	2	0	0	0	0	1	0	1
docs/enemy-dossiers/fossil-stalker.md	REFERENCE	1	0	0	0	0	0	0	1
docs/enemy-dossiers/frog-knight.md	REFERENCE	2	0	0	0	0	1	0	1
docs/enemy-dossiers/fuzzy-wurm-crawler.md	REFERENCE	1	0	0	0	0	0	0	1
docs/enemy-dossiers/gas-bomb.md	REFERENCE	2	0	0	0	0	1	0	1
docs/enemy-dossiers/globe-head.md	REFERENCE	1	0	0	0	0	0	0	1
docs/enemy-dossiers/gremlin-merc.md	REFERENCE	2	0	0	0	0	1	0	1
docs/enemy-dossiers/guardbot.md	REFERENCE	2	0	0	0	0	1	0	1
docs/enemy-dossiers/haunted-ship.md	REFERENCE	2	0	0	0	0	1	0	1
docs/enemy-dossiers/hunter-killer.md	REFERENCE	1	0	0	0	0	0	0	1
docs/enemy-dossiers/infested-prism.md	REFERENCE	1	0	0	0	0	0	0	1
docs/enemy-dossiers/inklet.md	REFERENCE	2	0	0	0	0	1	0	1
docs/enemy-dossiers/kin-follower.md	REFERENCE	1	0	0	0	0	0	0	1
docs/enemy-dossiers/kin-priest.md	REFERENCE	2	0	0	0	0	1	0	1
docs/enemy-dossiers/knowledge-demon.md	REFERENCE	1	0	0	0	0	0	0	1
docs/enemy-dossiers/lagavulin-matriarch.md	REFERENCE	2	0	0	0	0	1	0	1
docs/enemy-dossiers/leaf-slime-m-.md	REFERENCE	1	0	0	0	0	0	0	1
docs/enemy-dossiers/leaf-slime-s-.md	REFERENCE	1	0	0	0	0	0	0	1
docs/enemy-dossiers/living-fog.md	REFERENCE	2	0	0	0	0	1	0	1
docs/enemy-dossiers/living-shield.md	REFERENCE	2	0	0	0	0	1	0	1
docs/enemy-dossiers/louse-progenitor.md	REFERENCE	1	0	0	0	0	0	0	1
docs/enemy-dossiers/magi-knight.md	REFERENCE	1	0	0	0	0	0	0	1
docs/enemy-dossiers/mawler.md	REFERENCE	1	0	0	0	0	0	0	1
docs/enemy-dossiers/mecha-knight.md	REFERENCE	1	0	0	0	0	0	0	1
docs/enemy-dossiers/mysterious-knight.md	REFERENCE	2	0	0	0	0	1	0	1
docs/enemy-dossiers/myte.md	REFERENCE	1	0	0	0	0	0	0	1
docs/enemy-dossiers/nibbit.md	REFERENCE	1	0	0	0	0	0	0	1
docs/enemy-dossiers/noisebot.md	REFERENCE	1	0	0	0	0	0	0	1
docs/enemy-dossiers/ovicopter.md	REFERENCE	2	0	0	0	0	1	0	1
docs/enemy-dossiers/owl-magistrate.md	REFERENCE	2	0	0	0	0	1	0	1
docs/enemy-dossiers/parafright.md	REFERENCE	2	0	0	0	0	1	0	1
docs/enemy-dossiers/phantasmal-gardener.md	REFERENCE	1	0	0	0	0	0	0	1
docs/enemy-dossiers/phrog-parasite.md	REFERENCE	2	0	0	0	0	1	0	1
docs/enemy-dossiers/punch-construct.md	REFERENCE	1	0	0	0	0	0	0	1
docs/enemy-dossiers/queen.md	REFERENCE	1	0	0	0	0	0	0	1
docs/enemy-dossiers/rocket.md	REFERENCE	2	0	0	0	0	1	0	1
docs/enemy-dossiers/scroll-of-biting.md	REFERENCE	1	0	0	0	0	0	0	1
docs/enemy-dossiers/seapunk.md	REFERENCE	1	0	0	0	0	0	0	1
docs/enemy-dossiers/sewer-clam.md	REFERENCE	1	0	0	0	0	0	0	1
docs/enemy-dossiers/shrinker-beetle.md	REFERENCE	1	0	0	0	0	0	0	1
docs/enemy-dossiers/skulking-colony.md	REFERENCE	1	0	0	0	0	0	0	1
docs/enemy-dossiers/slimed-berserker.md	REFERENCE	1	0	0	0	0	0	0	1
docs/enemy-dossiers/slithering-strangler.md	REFERENCE	1	0	0	0	0	0	0	1
docs/enemy-dossiers/sludge-spinner.md	REFERENCE	1	0	0	0	0	0	0	1
docs/enemy-dossiers/slumbering-beetle.md	REFERENCE	2	0	0	0	0	1	0	1
docs/enemy-dossiers/snapping-jaxfruit.md	REFERENCE	1	0	0	0	0	0	0	1
docs/enemy-dossiers/sneaky-gremlin.md	REFERENCE	2	0	0	0	0	1	0	1
docs/enemy-dossiers/soul-fysh.md	REFERENCE	2	0	0	0	0	1	0	1
docs/enemy-dossiers/soul-nexus.md	REFERENCE	1	0	0	0	0	0	0	1
docs/enemy-dossiers/spectral-knight.md	REFERENCE	1	0	0	0	0	0	0	1
docs/enemy-dossiers/spiny-toad.md	REFERENCE	2	0	0	0	0	1	0	1
docs/enemy-dossiers/stabbot.md	REFERENCE	1	0	0	0	0	0	0	1
docs/enemy-dossiers/terror-eel.md	REFERENCE	2	0	0	0	0	1	0	1
docs/enemy-dossiers/test-subject.md	REFERENCE	2	0	0	0	0	1	0	1
docs/enemy-dossiers/the-adversary-mk-1.md	REFERENCE	1	0	0	0	0	0	0	1
docs/enemy-dossiers/the-adversary-mk-2.md	REFERENCE	1	0	0	0	0	0	0	1
docs/enemy-dossiers/the-adversary-mk-3.md	REFERENCE	1	0	0	0	0	0	0	1
docs/enemy-dossiers/the-architect.md	REFERENCE	1	0	0	0	0	0	0	1
docs/enemy-dossiers/the-forgotten.md	REFERENCE	1	0	0	0	0	0	0	1
docs/enemy-dossiers/the-insatiable.md	REFERENCE	2	0	0	0	0	1	0	1
docs/enemy-dossiers/the-lost.md	REFERENCE	1	0	0	0	0	0	0	1
docs/enemy-dossiers/the-merchant-.md	REFERENCE	2	0	0	0	0	1	0	1
docs/enemy-dossiers/the-obscura.md	REFERENCE	2	0	0	0	0	1	0	1
docs/enemy-dossiers/thieving-hopper.md	REFERENCE	2	0	0	0	0	1	0	1
docs/enemy-dossiers/toadpole.md	REFERENCE	1	0	0	0	0	0	0	1
docs/enemy-dossiers/torch-head-amalgam.md	REFERENCE	2	0	0	0	0	1	0	1
docs/enemy-dossiers/tough-egg.md	REFERENCE	2	0	0	0	0	1	0	1
docs/enemy-dossiers/tracker-raider.md	REFERENCE	1	0	0	0	0	0	0	1
docs/enemy-dossiers/tunneler.md	REFERENCE	2	0	0	0	0	1	0	1
docs/enemy-dossiers/turret-operator.md	REFERENCE	1	0	0	0	0	0	0	1
docs/enemy-dossiers/twig-slime-m-.md	REFERENCE	1	0	0	0	0	0	0	1
docs/enemy-dossiers/twig-slime-s-.md	REFERENCE	1	0	0	0	0	0	0	1
docs/enemy-dossiers/two-tailed-rat.md	REFERENCE	2	0	0	0	0	1	0	1
docs/enemy-dossiers/vantom.md	REFERENCE	1	0	0	0	0	0	0	1
docs/enemy-dossiers/vine-shambler.md	REFERENCE	1	0	0	0	0	0	0	1
docs/enemy-dossiers/waterfall-giant.md	REFERENCE	1	0	0	0	0	0	0	1
docs/enemy-dossiers/wriggler.md	REFERENCE	1	0	0	0	0	0	0	1
docs/enemy-dossiers/zapbot.md	REFERENCE	1	0	0	0	0	0	0	1
docs/epoch-1-log-2026-07-26.md	MISSING	7	0	1	1	0	3	1	1
docs/fight-class-taxonomy.md	MISSING	3	0	0	0	1	2	0	0
docs/fontaine-companions.yaml	LIVING	22	6	0	5	0	8	3	0
docs/fontaine-rares-banner-sprint-log.md	MISSING	9	0	1	1	0	6	0	1
docs/furina-art-pass-requirements.md	LIVING	11	5	0	3	0	2	0	1
docs/furina-cards.yaml	LIVING	44	13	0	7	0	18	6	0
docs/furina-fanfare-parity-vectors.json	UNBANNERED	4	1	0	1	0	1	1	0
docs/furina-fanfare-sprint-log.md	MISSING	1	0	0	0	0	1	0	0
docs/furina-kickoff-v0.1.md	LIVING	19	1	1	4	0	11	1	1
docs/furina-legibility-sprint-log.md	MISSING	2	0	0	0	0	2	0	0
docs/furina-readonly-fanfare-diagnostic.md	MISSING	1	0	0	0	0	1	0	0
docs/furina-strength-findings-2026-07-28.md	MISSING	2	0	0	0	0	2	0	0
docs/furina-upgrades.yaml	LIVING	21	3	0	3	0	11	4	0
docs/g12-review-2026-08-05.md	MISSING	6	0	1	1	0	3	0	1
docs/gone.md	MISSING	1	1	0	0	0	0	0	0
docs/handback-note-2026-08-04.md	MISSING	5	0	1	1	0	2	0	1
docs/inazuma-companions.yaml	LIVING	26	7	2	5	0	10	2	0
docs/instrument-redteam-2026-08-05.md	MISSING	4	0	0	0	0	4	0	0
docs/klee-art-hunt-contactsheet.png	MISSING	3	0	0	1	0	2	0	0
docs/klee-cards.yaml	LIVING	41	12	2	4	0	16	6	1
docs/klee-character-design.md	LIVING	13	0	1	4	0	5	2	1
docs/klee-real-battery-calibration.md	MISSING	1	0	0	0	0	1	0	0
docs/klee-survival-sprint-plan.md	MISSING	1	0	0	0	0	1	0	0
docs/klee-survival-sprint-report.md	MISSING	1	0	0	0	0	1	0	0
docs/klee-upgrades.yaml	LIVING	25	4	3	5	0	9	4	0
docs/kokomi-art-pass-requirements.md	LIVING	7	0	0	3	0	3	0	1
docs/kokomi-cards.yaml	LIVING	34	12	0	6	1	10	5	0
docs/kokomi-kickoff-v1.md	LIVING	15	1	1	4	0	7	1	1
docs/kokomi-playtest-protocol.md	LIVING	18	3	2	4	1	6	1	1
docs/kokomi-roster-v0.1-report.md	MISSING	2	0	0	0	0	2	0	0
docs/kokomi-session-worknote.md	MISSING	1	0	0	0	0	1	0	0
docs/kokomi-upgrades.yaml	LIVING	11	1	0	1	0	5	4	0
docs/kokomi-v0.4-plan.md	MISSING	2	0	0	0	0	2	0	0
docs/lore-fidelity-audit-2026-08-05.md	MISSING	3	0	0	0	0	3	0	0
docs/missed-requirements.md	MISSING	11	0	2	1	0	6	1	1
docs/mockups/salon-stage-d1-mockup-2026-07-28.html	MISSING	3	0	0	1	0	2	0	0
docs/mondstadt-companions.yaml	LIVING	35	9	2	6	0	15	3	0
docs/morning-triage-rulings.md	MISSING	1	0	0	0	0	1	0	0
docs/mutation-round-2026-08-05.md	MISSING	2	0	0	0	0	2	0	0
docs/no-such-file-q20-probe.md	MISSING	1	1	0	0	0	0	0	0
docs/noncard-parity-vectors.json	UNBANNERED	3	1	0	1	0	0	1	0
docs/open-playtest-items.md	MISSING	11	0	1	1	0	4	4	1
docs/patch-sentinel.md	LIVING	7	2	1	1	0	2	0	1
docs/payoff-reach-reregistration-draft-2026-08-06.md	UNBANNERED	9	1	1	3	1	2	0	1
docs/pending/README.md	REFERENCE	1	0	0	0	0	0	0	1
docs/pending/serenitea-g3-ci-proposal.md	REFERENCE	4	0	0	1	1	1	0	1
docs/pending/serenitea-g4-session-isolation.md	REFERENCE	6	0	0	2	2	1	0	1
docs/playtest-2026-07-25-coop-a0.md	MISSING	2	0	0	0	0	2	0	0
docs/playtest2-triage-2026-07-28.md	MISSING	3	0	0	0	0	3	0	0
docs/playtest3-notes-2026-07-28.md	MISSING	3	0	0	0	0	3	0	0
docs/playtest4-notes-2026-08-04.md	MISSING	3	0	0	0	0	3	0	0
docs/playtest4-triage-2026-08-04.md	MISSING	4	0	0	0	0	4	0	0
docs/probe-a-block-offset.md	MISSING	12	1	1	1	0	8	0	1
docs/probe-b-fanfare-residual.md	MISSING	14	1	2	1	0	9	0	1
docs/probe-b-ledger.tsv	MISSING	1	1	0	0	0	0	0	0
docs/probe-d-aria-block.md	MISSING	1	0	0	0	0	1	0	0
docs/probe-d-registration-draft.md	MISSING	8	0	1	1	0	5	0	1
docs/probe-e-corpse-detonation-registration-draft.md	MISSING	6	0	2	1	0	2	0	1
docs/probe-e-corpse-detonation.md	MISSING	4	0	1	1	0	1	0	1
docs/punch-off-crash-memo.md	MISSING	2	0	0	0	0	2	0	0
docs/raw-full.md	MISSING	1	0	0	1	0	0	0	0
docs/raw-simplified.md	MISSING	1	0	0	1	0	0	0	0
docs/reactions-corpus-2026-08-05.md	MISSING	6	0	0	0	0	4	2	0
docs/reactions-corpus-battery-2026-08-05-corrected.tsv	UNBANNERED	1	0	0	0	0	1	0	0
docs/reactions-corpus-battery-2026-08-05.tsv	UNBANNERED	2	0	0	1	0	1	0	0
docs/reactions-corpus-cohort-2026-08-05.tsv	UNBANNERED	2	0	0	1	0	1	0	0
docs/red-pen-2026-07-26.md	MISSING	8	0	0	0	0	5	3	0
docs/ref-ironclad-upgrades.yaml	LIVING	3	0	0	2	0	1	0	0
docs/registration-hunt-report-2026-08-06.md	MISSING	2	0	0	0	0	2	0	0
docs/registry/excision-log.md	LIVING	7	0	0	5	1	0	0	1
docs/registry/identifiers.md	LIVING	335	6	3	50	122	153	1	0
docs/registry/known-identifiers.tsv	UNBANNERED	7	3	0	2	0	2	0	0
docs/registry/ledger-layout-note-2026-08-06.md	REFERENCE	5	2	1	1	1	0	0	0
docs/registry/p-ledger.md	LIVING	11	2	0	4	2	2	0	1
docs/registry/stage-clear-digest-2026-08-06.md	REFERENCE	3	0	0	3	0	0	0	0
docs/registry/status-pass-digest-2026-08-06.md	REFERENCE	5	1	1	3	0	0	0	0
docs/registry/user-queue.md	LIVING	30	4	3	7	5	10	1	0
docs/reserved-card-names.txt	UNBANNERED	18	3	1	5	0	7	2	0
docs/role-tempo-baseline.md	UNBANNERED	12	2	0	3	2	3	1	1
docs/role-tempo-debt.tsv	UNBANNERED	8	2	1	2	0	2	1	0
docs/role-tempo-floors.yaml	UNBANNERED	13	4	0	2	1	4	1	1
docs/role-tempo-review.tsv	UNBANNERED	8	2	0	2	0	3	1	0
docs/role-tempo-tagthrough.md	UNBANNERED	5	1	0	2	0	1	0	1
docs/roster-anchor-v14-2026-08-05.md	MISSING	6	0	0	0	1	5	0	0
docs/roster-anchor-v14-v6-2026-08-06.md	REFERENCE	10	1	1	3	0	3	0	2
docs/roster-codegen.md	LIVING	6	0	1	3	0	1	0	1
docs/run-model-rework-plan.md	MISSING	2	0	0	0	0	1	1	0
docs/s5-animation-tech-note.md	MISSING	3	0	0	0	0	3	0	0
docs/s7-classification.md	MISSING	11	0	1	1	0	8	0	1
docs/s7-divergences.tsv	UNBANNERED	9	2	0	1	0	6	0	0
docs/s7-fidelity-audit.md	MISSING	10	0	1	1	0	7	0	1
docs/s7-probe-c.md	MISSING	6	0	1	1	0	3	0	1
docs/serenitea-sweep-ii-log-2026-07-27.md	MISSING	1	0	0	0	0	1	0	0
docs/serenitea-sweep-log-2026-07-26.md	MISSING	3	0	0	0	0	2	1	0
docs/ship-what-we-know-sprint-log.md	MISSING	1	0	0	0	0	1	0	0
docs/ship-what-we-know-sprint-plan.md	MISSING	2	0	0	0	0	2	0	0
docs/shop-companion-channel-plan.md	MISSING	2	0	0	0	0	2	0	0
docs/shop-companion-channel-sprint-log.md	MISSING	2	0	0	0	0	2	0	0
docs/shop-companion-channel-sprint.md	MISSING	2	0	0	0	0	2	0	0
docs/silent-anchor-kickoff-v1.md	MISSING	3	0	0	0	0	3	0	0
docs/silent-anchor-sprint-log-2026-07-27.md	MISSING	3	0	0	0	0	3	0	0
docs/silent-anchor-sprint-plan.md	MISSING	3	0	0	0	0	3	0	0
docs/silent-pilot-review-2026-07-27.md	MISSING	7	0	1	1	0	3	1	1
docs/sitting-prep-2026-08-05.md	MISSING	11	0	1	1	0	7	1	1
docs/sitting-record-predraft-2026-08-06.md	MISSING	10	0	3	1	1	3	1	1
docs/slot5-candidates-2026-08-05.md	MISSING	6	0	1	1	0	3	0	1
docs/sprint-art-and-a7-2026-07-29.md	MISSING	2	0	0	0	0	2	0	0
docs/sprint-art-and-a7-log-2026-07-29.md	MISSING	5	0	1	1	0	2	0	1
docs/sprint-axis-validity-track-a-log-2026-08-04.md	MISSING	11	2	1	1	1	3	1	2
docs/sprint-bugfix-log-2026-07-29.md	MISSING	9	0	1	1	0	5	1	1
docs/sprint-fanfare-compensation-2026-07-28.md	MISSING	2	0	0	0	0	2	0	0
docs/sprint-fanfare-compensation-log-2026-07-28.md	MISSING	2	0	0	0	0	2	0	0
docs/sprint-fanfare-rework-2026-07-28.md	MISSING	4	0	0	0	0	4	0	0
docs/sprint-fanfare-rework-log-2026-07-28.md	MISSING	4	0	0	0	0	4	0	0
docs/sprint-kokomi-instrument-log-2026-07-29.md	MISSING	7	0	0	0	1	6	0	0
docs/sprint-pilot-gap-2026-07-28.md	MISSING	2	0	0	0	0	2	0	0
docs/sprint-pilot-gap-log-2026-07-28.md	MISSING	3	0	0	0	0	3	0	0
docs/sprint-salon-ui-2026-07-28.md	MISSING	2	0	0	0	0	2	0	0
docs/sprint-salon-ui-log-2026-07-28.md	MISSING	1	0	0	0	0	1	0	0
docs/sprint-sim-hygiene-log-2026-07-29.md	MISSING	9	0	1	1	0	5	1	1
docs/sprint-tooling-hardening-log-2026-07-29.md	MISSING	1	0	0	0	0	1	0	0
docs/sprint-track-b-curves-log-2026-08-04.md	MISSING	10	1	1	1	0	6	0	1
docs/sprint-track-b-gate-log-2026-08-05.md	MISSING	8	0	2	1	0	4	0	1
docs/sprint-understudy-p1-log-2026-08-04.md	MISSING	9	0	2	1	0	5	0	1
docs/sprint-understudy-p15-log-2026-08-05.md	MISSING	2	0	0	0	0	2	0	0
docs/sts2-events-harvest.txt	UNBANNERED	7	0	0	1	0	3	3	0
docs/sts2-map-and-events-research.md	MISSING	6	0	0	0	0	3	2	1
docs/surplus-week-manifest-2026-08-05.md	MISSING	13	0	1	1	1	9	0	1
docs/take-a-bow-sprint-log-2026-07-27.md	MISSING	1	0	0	0	0	1	0	0
docs/tech-debt-audit-2026-07-26.md	MISSING	9	1	1	1	0	5	0	1
docs/teyvat-spire-design-principles.md	LIVING	26	0	0	10	0	12	3	1
docs/tier05-passN-report.md	MISSING	1	0	0	0	0	1	0	0
docs/tier05-perf-and-ironclad-act3-notes.md	MISSING	1	0	0	0	0	1	0	0
docs/track-a-kickoff-brief.md	REFERENCE	9	5	0	2	0	1	0	1
docs/track-b-curves.md	UNBANNERED	9	1	1	2	0	4	0	1
docs/track-b-validation-gate-countersign-2026-08-04.md	MISSING	7	0	2	1	0	3	0	1
docs/track-t-audits-2026-08-06.md	MISSING	5	0	1	1	0	2	0	1
docs/understudy-countersign-2026-08-04.md	MISSING	9	1	1	1	0	5	0	1
docs/understudy-kickoff-brief.md	LIVING	11	1	1	3	0	4	1	1
docs/understudy-p0-findings.md	MISSING	2	0	0	0	0	2	0	0
docs/understudy-phase0-report.md	MISSING	7	1	1	1	0	3	0	1
docs/upgrade-conventions.md	LIVING	12	1	0	6	0	2	2	1
docs/v6-rebaseline-sweep-2026-08-06.md	MISSING	6	0	0	0	1	5	0	0
docs/worktree-workflow.md	LIVING	5	0	0	1	2	1	0	1
docs/zhongli-dossier-2026-08-05.md	MISSING	8	0	1	1	0	5	0	1
review/ancients-gallery/gallery.md	REVIEW	4	0	0	1	0	2	0	1
review/boss-dossiers/dossiers.md	REVIEW	4	0	0	0	0	2	1	1
review/boss-dossiers/pattern-memo.md	REVIEW	4	0	0	0	0	1	2	1
review/boss-pool-gallery/gallery.md	REVIEW	4	0	0	1	0	2	0	1
review/enemy-atlas/atlas.md	REVIEW	4	0	0	0	0	3	0	1
review/enemy-atlas/reskin-gallery.md	REVIEW	5	0	0	1	0	1	2	1
review/event-gallery/gallery.md	REVIEW	7	0	0	1	0	2	3	1
review/ledger-audit/hygiene-report.md	REVIEW	10	0	2	2	2	3	0	1
review/mutation-audit/blind-spot-report.md	REVIEW	5	0	0	0	0	2	2	1
review/parity-sweep/findings-ledger.md	REVIEW	4	0	0	0	0	1	2	1
review/parity-sweep/noncard-findings-ledger.md	REVIEW	3	0	0	0	0	1	1	1
review/parity-sweep/noncard-triage-memo.md	REVIEW	10	0	1	2	1	3	2	1
review/parity-sweep/triage-memo.md	REVIEW	5	0	0	1	0	1	2	1
review/potion-relic-gallery/gallery.md	REVIEW	8	0	1	1	0	4	1	1
review/redteam/exploit-ledger.md	REVIEW	14	2	1	6	1	3	0	1
review/redteam/exploit-lines-x7a.json	REVIEW	4	0	1	1	0	2	0	0
review/redteam/exploit-lines.json	REVIEW	6	2	0	0	0	2	2	0
review/redteam/fixtures/track_o/s01-corrupt-seedline-runA.jsonl	REVIEW	0	0	0	0	0	0	0	0
review/redteam/fixtures/track_o/s01-ghost-index.json	REVIEW	1	0	0	0	0	0	1	0
review/redteam/fixtures/track_o/s01-nullseed-divergent-runB.jsonl	REVIEW	0	0	0	0	0	0	0	0
review/redteam/fixtures/track_o/s01-nullseed-runA.jsonl	REVIEW	0	0	0	0	0	0	0	0
review/redteam/fixtures/track_o/s01-nullseed-runB.jsonl	REVIEW	0	0	0	0	0	0	0	0
review/redteam/fixtures/track_o/s01-seed-ABCDEFGHIJ-runA.jsonl	REVIEW	0	0	0	0	0	0	0	0
review/redteam/fixtures/track_o/s01-seed-KLMNOPQRST-runB.jsonl	REVIEW	0	0	0	0	0	0	0	0
review/redteam/fixtures/track_o/s01_repro.py	REVIEW	0	0	0	0	0	0	0	0
review/redteam/fixtures/track_o/s02-selector-absent-vs-zero.jsonl	REVIEW	0	0	0	0	0	0	0	0
review/redteam/fixtures/track_o/s02-selector-round-collapse.jsonl	REVIEW	0	0	0	0	0	0	0	0
review/redteam/fixtures/track_o/s02-selector-round-whole.jsonl	REVIEW	0	0	0	0	0	0	0	0
review/redteam/fixtures/track_o/s02-selector-short-row.jsonl	REVIEW	0	0	0	0	0	0	0	0
review/redteam/fixtures/track_o/s03-allzero-fight.json	REVIEW	1	1	0	0	0	0	0	0
review/redteam/fixtures/track_o/s03-duplicate-keys.json	REVIEW	0	0	0	0	0	0	0	0
review/redteam/fixtures/track_o/s03-mixed-fight.json	REVIEW	0	0	0	0	0	0	0	0
review/redteam/fixtures/track_o/s03-resources-wire.json	REVIEW	1	1	0	0	0	0	0	0
review/redteam/fixtures/track_o/s04-logdir-A/soak-S04A-index.json	REVIEW	0	0	0	0	0	0	0	0
review/redteam/fixtures/track_o/s04-logdir-A/soak-S04A-run001.jsonl	REVIEW	0	0	0	0	0	0	0	0
review/redteam/fixtures/track_o/s04-logdir-B/soak-S04B-index.json	REVIEW	0	0	0	0	0	0	0	0
review/redteam/fixtures/track_o/s04-logdir-B/soak-S04B-run001.jsonl	REVIEW	0	0	0	0	0	0	0	0
review/redteam/fixtures/track_o/s04-logdir-C/soak-S04C-index.json	REVIEW	0	0	0	0	0	0	0	0
review/redteam/fixtures/track_o/s04-logdir-D/soak-S04D-index.json	REVIEW	0	0	0	0	0	0	0	0
review/redteam/fixtures/track_o/s04-logdir-D/soak-S04D-run001.jsonl	REVIEW	0	0	0	0	0	0	0	0
review/redteam/fixtures/track_o/s04-logdir-E/soak-S04E-index.json	REVIEW	0	0	0	0	0	0	0	0
review/redteam/fixtures/track_o/s04-logdir-E/soak-S04E-run001.jsonl	REVIEW	0	0	0	0	0	0	0	0
review/redteam/fixtures/track_o/s04-logdir-F/soak-S04F-index.json	REVIEW	0	0	0	0	0	0	0	0
review/redteam/fixtures/track_o/s04-logdir-F/soak-S04F-run001.jsonl	REVIEW	0	0	0	0	0	0	0	0
review/redteam/fixtures/track_o/s04-modfeed-divergent-farts.jsonl	REVIEW	0	0	0	0	0	0	0	0
review/redteam/fixtures/track_o/s04-modfeed-divergent-nearts.jsonl	REVIEW	0	0	0	0	0	0	0	0
review/redteam/fixtures/track_o/s04-modfeed.jsonl	REVIEW	0	0	0	0	0	0	0	0
review/redteam/fixtures/track_o/s05-baseline-index.json	REVIEW	2	1	0	0	0	0	1	0
review/redteam/fixtures/track_o/s05-baseline-run001.jsonl	REVIEW	0	0	0	0	0	0	0	0
review/redteam/fixtures/track_o/s05-ghostruns-index.json	REVIEW	1	0	0	0	0	0	1	0
review/redteam/fixtures/track_o/s05-m01-truncated-midjson-run001.jsonl	REVIEW	0	0	0	0	0	0	0	0
review/redteam/fixtures/track_o/s05-m02-fight-never-closed-run001.jsonl	REVIEW	0	0	0	0	0	0	0	0
review/redteam/fixtures/track_o/s05-m03-badline-midfile-run001.jsonl	REVIEW	0	0	0	0	0	0	0	0
review/redteam/fixtures/track_o/s05-m04-duplicate-fight-run001.jsonl	REVIEW	0	0	0	0	0	0	0	0
review/redteam/fixtures/track_o/s05-m05-duplicate-round-run001.jsonl	REVIEW	0	0	0	0	0	0	0	0
review/redteam/fixtures/track_o/s05-m06-out-of-order-rounds-run001.jsonl	REVIEW	0	0	0	0	0	0	0	0
review/redteam/fixtures/track_o/s05-m07-missing-floor-run001.jsonl	REVIEW	0	0	0	0	0	0	0	0
review/redteam/fixtures/track_o/s05-m08-null-fields-run001.jsonl	REVIEW	0	0	0	0	0	0	0	0
review/redteam/fixtures/track_o/s05-m09-interleaved-run001.jsonl	REVIEW	0	0	0	0	0	0	0	0
review/redteam/fixtures/track_o/s05-m10-blanklines-no-trailing-nl-run001.jsonl	REVIEW	0	0	0	0	0	0	0	0
review/redteam/fixtures/track_o/s05-m11-unknown-rows-run001.jsonl	REVIEW	0	0	0	0	0	0	0	0
review/redteam/fixtures/track_o/s05-m13-within-round-reorder-run001.jsonl	REVIEW	0	0	0	0	0	0	0	0
review/redteam/fixtures/track_o/s05-m14-cards-played-arity-run001.jsonl	REVIEW	0	0	0	0	0	0	0	0
review/redteam/fixtures/track_o/s05_build.py	REVIEW	0	0	0	0	0	0	0	0
review/redteam/fixtures/track_o/s06-interleave-a.jsonl	REVIEW	0	0	0	0	0	0	0	0
review/redteam/fixtures/track_o/s06-interleave-b.jsonl	REVIEW	0	0	0	0	0	0	0	0
review/redteam/fixtures/track_o/s06-no-selectors.jsonl	REVIEW	0	0	0	0	0	0	0	0
review/redteam/fixtures/track_o/s06-selectors.jsonl	REVIEW	0	0	0	0	0	0	0	0
review/redteam/fixtures/track_o/s06_make_logs.py	REVIEW	0	0	0	0	0	0	0	0
review/redteam/fixtures/track_o/s06_repro.py	REVIEW	0	0	0	0	0	0	0	0
review/redteam/fixtures/track_o/s07-partial-fights.json	REVIEW	2	1	0	0	0	0	1	0
review/redteam/fixtures/track_o/s07-repro.py	REVIEW	0	0	0	0	0	0	0	0
review/redteam/fixtures/track_o/s08-amp-before-multipliers.py	REVIEW	0	0	0	0	0	0	0	0
review/redteam/fixtures/track_o/s08-corpse-auras.py	REVIEW	0	0	0	0	0	0	0	0
review/redteam/fixtures/track_o/s08-granted-plays.py	REVIEW	0	0	0	0	0	0	0	0
review/redteam/fixtures/track_o/s08-killing-blow-turn-close.py	REVIEW	0	0	0	0	0	0	0	0
review/redteam/fixtures/track_o/s09-b3-index.json	REVIEW	0	0	0	0	0	0	0	0
review/redteam/fixtures/track_o/s09-b3-parked-state.json	REVIEW	2	1	0	0	0	1	0	0
review/redteam/fixtures/track_o/s09-b3-run001.jsonl	REVIEW	0	0	0	0	0	0	0	0
review/redteam/fixtures/track_o/s09-b3-run002.jsonl	REVIEW	0	0	0	0	0	0	0	0
review/redteam/fixtures/track_o/s09-b3-run003.jsonl	REVIEW	0	0	0	0	0	0	0	0
review/redteam/fixtures/track_o/s09-halved-index.json	REVIEW	0	0	0	0	0	0	0	0
review/redteam/fixtures/track_o/s09-halved-run001.jsonl	REVIEW	0	0	0	0	0	0	0	0
review/redteam/fixtures/track_o/s09-halved-run002.jsonl	REVIEW	0	0	0	0	0	0	0	0
review/redteam/fixtures/track_o/s09-halved-run003.jsonl	REVIEW	0	0	0	0	0	0	0	0
review/redteam/fixtures/track_o/s09-halved-run004.jsonl	REVIEW	0	0	0	0	0	0	0	0
review/redteam/fixtures/track_o/s10_probe.py	REVIEW	0	0	0	0	0	0	0	0
review/redteam/fixtures/track_o/s11_adversarial_cores.py	REVIEW	0	0	0	0	0	0	0	0
review/redteam/fixtures/track_o/s11_generic_anchor_probe.py	REVIEW	0	0	0	0	0	0	0	0
review/redteam/fixtures/track_o/s11_limb_details.py	REVIEW	0	0	0	0	0	0	0	0
review/redteam/fixtures/track_o/s11_payoff_only_reach.py	REVIEW	0	0	0	0	0	0	0	0
review/redteam/fixtures/track_o/s11_probe_pool.py	REVIEW	0	0	0	0	0	0	0	0
review/redteam/fixtures/track_o/s12-pooling-fixture.py	REVIEW	0	0	0	0	0	0	0	0
review/redteam/harness.py	REVIEW	0	0	0	0	0	0	0	0
review/redteam/replay-results-x7a.json	REVIEW	3	0	1	1	0	1	0	0
review/redteam/replay-results.json	REVIEW	5	2	0	0	0	2	1	0
review/stage-clear/citation-graph-notes.md	REVIEW	2	0	0	1	0	0	0	1
review/stage-clear/class-p-candidates.md	REVIEW	4	0	0	3	0	0	0	1
review/stage-clear/combined-digest-draft.md	REVIEW	3	0	0	1	1	0	0	1
review/stage-clear/rb-move-manifest.tsv	REVIEW	92	0	0	2	1	89	0	0
review/stage-clear/refactor-plan.md	REVIEW	6	1	0	2	2	0	0	1
review/suite-hardening/summary.md	REVIEW	5	0	1	1	0	2	0	1
review/v6-rebaseline/v5-arm-0.json	REVIEW	0	0	0	0	0	0	0	0
review/v6-rebaseline/v5-arm-1.json	REVIEW	0	0	0	0	0	0	0	0
review/v6-rebaseline/v5-arm-10.json	REVIEW	0	0	0	0	0	0	0	0
review/v6-rebaseline/v5-arm-11.json	REVIEW	0	0	0	0	0	0	0	0
review/v6-rebaseline/v5-arm-2.json	REVIEW	0	0	0	0	0	0	0	0
review/v6-rebaseline/v5-arm-3.json	REVIEW	0	0	0	0	0	0	0	0
review/v6-rebaseline/v5-arm-4.json	REVIEW	0	0	0	0	0	0	0	0
review/v6-rebaseline/v5-arm-5.json	REVIEW	0	0	0	0	0	0	0	0
review/v6-rebaseline/v5-arm-6.json	REVIEW	0	0	0	0	0	0	0	0
review/v6-rebaseline/v5-arm-7.json	REVIEW	0	0	0	0	0	0	0	0
review/v6-rebaseline/v5-arm-8.json	REVIEW	0	0	0	0	0	0	0	0
review/v6-rebaseline/v5-arm-9.json	REVIEW	0	0	0	0	0	0	0	0
review/v6-rebaseline/v5-n600-seed11.txt	REVIEW	0	0	0	0	0	0	0	0
review/v6-rebaseline/v5-shop-channel.txt	REVIEW	0	0	0	0	0	0	0	0
review/v6-rebaseline/v6-arm-0.json	REVIEW	0	0	0	0	0	0	0	0
review/v6-rebaseline/v6-arm-1.json	REVIEW	0	0	0	0	0	0	0	0
review/v6-rebaseline/v6-arm-10.json	REVIEW	0	0	0	0	0	0	0	0
review/v6-rebaseline/v6-arm-11.json	REVIEW	0	0	0	0	0	0	0	0
review/v6-rebaseline/v6-arm-2.json	REVIEW	0	0	0	0	0	0	0	0
review/v6-rebaseline/v6-arm-3.json	REVIEW	0	0	0	0	0	0	0	0
review/v6-rebaseline/v6-arm-4.json	REVIEW	0	0	0	0	0	0	0	0
review/v6-rebaseline/v6-arm-5.json	REVIEW	0	0	0	0	0	0	0	0
review/v6-rebaseline/v6-arm-6.json	REVIEW	0	0	0	0	0	0	0	0
review/v6-rebaseline/v6-arm-7.json	REVIEW	0	0	0	0	0	0	0	0
review/v6-rebaseline/v6-arm-8.json	REVIEW	0	0	0	0	0	0	0	0
review/v6-rebaseline/v6-arm-9.json	REVIEW	0	0	0	0	0	0	0	0
review/v6-rebaseline/v6-n600-seed11.txt	REVIEW	0	0	0	0	0	0	0	0
review/v6-rebaseline/v6-shop-channel.txt	REVIEW	0	0	0	0	0	0	0	0
